Name,NOC,Discipline,Event,Coaches_id
Abdelmagid Wael,Egypt,Football,Not Specified,1
Abe Junya,Japan,Volleyball,Not Specified,2
Abe Katsuhiko,Japan,Basketball,Not Specified,3
Adama Cherif,Côte D'Ivoire,Football,Not Specified,4
Ageba Yuya,Japan,Volleyball,Not Specified,5
Aikman Siegfried Gottlieb,Japan,Hockey,Men,6
Al Saadi Kais,Germany,Hockey,Men,7
Alameda Lonni,Canada,Baseball/Softball,Softball,8
Alekno Vladimir,Islamic Republic Of Iran,Volleyball,Men,9
Alekseev Alexey,Roc,Handball,Women,10
Aller Carballo Manuel Angel,Spain,Basketball,Not Specified,11
Alshehri Saad,Saudi Arabia,Football,Men,12
Aly Kamal,Egypt,Football,Not Specified,13
Amaya Gaitan Fabian,Puerto Rico,Basketball,Not Specified,14
Amo Aguado Pablo,Spain,Football,Not Specified,15
Andonovski Vlatko,United States Of America,Football,Women,16
Annan Alyson,Netherlands,Hockey,Women,17
Arnau Creus Xavier,Japan,Hockey,Women,18
Arnold Graham,Australia,Football,Men,19
Axner Tomas,Sweden,Handball,Women,20
Baber Gareth Colin,Fiji,Rugby Sevens,Men,21
Baciu Horatiu,Romania,Football,Not Specified,22
Banbula Wojciech,Poland,Volleyball,Not Specified,23
Bao Zhuang,People'S Republic Of China,Volleyball,Not Specified,24
Baryla Pawel,Roc,Volleyball,Not Specified,25
Basilio Mel,Canada,Baseball/Softball,Softball,26
Basso Paola,Great Britain,Artistic Swimming,Duet,27
Batch Colin,Australia,Hockey,Men,28
Batista Fernando,Argentina,Football,Men,29
Batista Santiago Gerardo,Puerto Rico,Basketball,Women,30
Bencic Filip,Serbia,Basketball,Not Specified,31
Berg Laura,United States Of America,Baseball/Softball,Softball,32
Berge Christian,Norway,Handball,Men,33
Billava Suresh Ankitha,India,Hockey,Women,34
Biro Attila,Hungary,Water Polo,Women,35
Blecher Sidorova Svetlana,Israel,Artistic Swimming,Duet,36
Blengini Gianlorenzo,Italy,Volleyball,Men,37
Bolton Alice,Nigeria,Basketball,Not Specified,38
Breivik Marit,Norway,Handball,Not Specified,39
Broderick William,Brazil,Rugby Sevens,Women,40
Brondello Sandy,Australia,Basketball,Women,41
Brown Chris,United States Of America,Rugby Sevens,Women,42
Brown Michael,Nigeria,Basketball,Men,43
Brun Aristide,Austria,Artistic Swimming,Not Specified,44
Bunting Allan,New Zealand,Rugby Sevens,Women,45
Burlando Giovanna,Italy,Artistic Swimming,Not Specified,46
Busato Sergio,Roc,Volleyball,Women,47
Busenkell Axel,Germany,Football,Not Specified,48
Byrne Mick,Canada,Rugby Sevens,Women,49
Cadenas Montanes Manuel,Argentina,Handball,Men,50
Caldas Max,Netherlands,Hockey,Men,51
Campagna Alessandro,Italy,Water Polo,Men,52
Caro Carlos,Mexico,Baseball/Softball,Softball,53
Casarez Mary Lucy,Japan,Baseball/Softball,Softball,54
Castro Alex,Chile,Football,Not Specified,55
Chambers Cheryl,Australia,Basketball,Not Specified,56
Chepak Anastasiya,Egypt,Artistic Swimming,Duet,57
Chepak Anastasiya,Egypt,Artistic Swimming,Team,58
Chernetska Natalia,Greece,Artistic Swimming,Duet,59
Chernetska Natalia,Greece,Artistic Swimming,Team,60
Chiari Simona,San Marino,Artistic Swimming,Not Specified,61
Choi Il Eon,Republic Of Korea,Baseball/Softball,Baseball,62
Chun Jooweon,Republic Of Korea,Basketball,Women,63
Clark Stephen Gregg,India,Hockey,Men,64
Collet Vincent,France,Basketball,Men,65
Commens Adam,Belgium,Hockey,Not Specified,66
Courteix David,France,Rugby Sevens,Women,67
Crespi Jaume Margalida,Colombia,Artistic Swimming,Not Specified,68
Cruz Filipe,Angola,Handball,Women,69
Dal Zotto Renan,Brazil,Volleyball,Men,70
Dancer Sean,Ireland,Hockey,Women,71
Danchenko Tatiana,Roc,Artistic Swimming,Duet,72
Davy Jeremy,Australia,Hockey,Women,73
Daza Fabian,Chile,Football,Not Specified,74
De La Fuente Castillo Luis,Spain,Football,Men,75
De Moura Luizomar,Kenya,Volleyball,Women,76
De Oliveira Marcus Ricardo,Brazil,Handball,Men,77
De Vos Robbert-Jan,Netherlands,Hockey,Not Specified,78
Delaney Mike,New Zealand,Hockey,Not Specified,79
Demchenko Zhanna,Kazakhstan,Artistic Swimming,Duet,80
Diaz Fernandez Jenaro Manuel,Spain,Basketball,Not Specified,81
Diaz Henriquez Nestor,Dominican Republic,Basketball,Not Specified,82
Didenko Natalia,Spain,Artistic Swimming,Not Specified,83
Dobson Howard,United States Of America,Baseball/Softball,Softball,84
Dore Karine,Canada,Artistic Swimming,Not Specified,85
Drobnjak Dragisa,Slovenia,Basketball,Not Specified,86
Duenas De Galarza Jorge,Brazil,Handball,Women,87
Duro Fernando,Venezuela,Basketball,Not Specified,88
Dykstra Trisha,Australia,Basketball,Not Specified,89
Echezuria Manuel,Venezuela,Basketball,Not Specified,90
Eddy Anthony,Ireland,Rugby Sevens,Men,91
Eitoku Atsushi,Japan,Artistic Swimming,Not Specified,92
Elafandi Nour,Egypt,Artistic Swimming,Duet,93
Elafandi Nour,Egypt,Artistic Swimming,Team,94
Elek Gabor,Hungary,Handball,Women,95
Engelland Chip,United States Of America,Basketball,Not Specified,96
Enquist Susan,United States Of America,Volleyball,Not Specified,97
Eriksen Ken,United States Of America,Baseball/Softball,Softball,98
Ewing Gareth,South Africa,Hockey,Men,99
Fabre Julie,France,Artistic Swimming,Duet,100
Fahmy Latif Yasmine,Egypt,Artistic Swimming,Not Specified,101
Falero Miguel,Honduras,Football,Men,102
Farinelli Roberta,Italy,Artistic Swimming,Duet,103
Farinelli Roberta,Italy,Artistic Swimming,Team,104
Fatovic Elvis,Australia,Water Polo,Men,105
Favarel Pablo,Venezuela,Basketball,Not Specified,106
Fediushyna Tetiana,Ukraine,Artistic Swimming,Not Specified,107
Ferraro Hernan,Argentina,Volleyball,Women,108
Fish Nathan,Israel,Baseball/Softball,Baseball,109
Flowers Tairia,United States Of America,Baseball/Softball,Softball,110
Foirest Laurent,France,Basketball,Not Specified,111
Forrest Scott,Great Britain,Rugby Sevens,Women,112
Friday Mike,United States Of America,Rugby Sevens,Men,113
Fuentes Andrea,United States Of America,Artistic Swimming,Duet,114
Fuerbringer Matthew,United States Of America,Volleyball,Not Specified,115
Fujiki Mayuko,Spain,Artistic Swimming,Duet,116
Fujiki Mayuko,Spain,Artistic Swimming,Team,117
Fuli Saiasi,Fiji,Rugby Sevens,Women,118
Gademan Pasha,Canada,Hockey,Men,119
Gaidukov Aleksandr,Roc,Water Polo,Women,120
Garcia Herrera Manuel,Dominican Republic,Baseball/Softball,Baseball,121
Garcia Nestor,Dominican Republic,Basketball,Not Specified,122
Garcia Pizarro Paula,Colombia,Artistic Swimming,Duet,123
Garnier Valerie,France,Basketball,Women,124
Gerhardsson Peter,Sweden,Football,Women,125
Giacobbe Antonio,Tunisia,Volleyball,Men,126
Giallombardo Patrizia,Italy,Artistic Swimming,Duet,127
Giallombardo Patrizia,Italy,Artistic Swimming,Team,128
Gille Guillaume,France,Handball,Men,129
Ginzburg Ronen,Czech Republic,Basketball,Men,130
Gislason Alfred,Germany,Handball,Men,131
Gojkovic Vladimir,Montenegro,Water Polo,Men,132
Gomez Cora Santiago,Argentina,Rugby Sevens,Men,133
Gonzalez Anibal,Mexico,Football,Not Specified,134
Gonzalez Jareno Angel,Spain,Basketball,Not Specified,135
Goorjian Brian,Australia,Basketball,Men,136
Gordo Mansilla Juan David,Spain,Football,Not Specified,137
Grainger Adam,Ireland,Hockey,Not Specified,138
Graupera Cristina,Greece,Artistic Swimming,Not Specified,139
Graziosi Gianluca,Italy,Volleyball,Not Specified,140
Greskowiak Arne,Germany,Basketball,Not Specified,141
Gryzunova Elena,Roc,Artistic Swimming,Team,142
Guerrero Lopez Julen,Spain,Football,Not Specified,143
Guerrero Rolando,Mexico,Baseball/Softball,Softball,144
Guidetti Giovanni,Turkey,Volleyball,Women,145
Guillen Ronald,Venezuela,Basketball,Not Specified,146
Guimaraes Jose Roberto,Brazil,Volleyball,Women,147
Gustavsson Tony,Australia,Football,Women,148
Hager Mark,Great Britain,Hockey,Women,149
Haidara Soualiho,Côte D'Ivoire,Football,Men,150
Hald Simon,Denmark,Handball,Not Specified,151
Halkett Rhett,Netherlands,Hockey,Not Specified,152
Ham Darvin De,Nigeria,Basketball,Not Specified,153
Hardy William,United States Of America,Basketball,Not Specified,154
Harrow Laing,Australia,Baseball/Softball,Softball,155
Harvey Laura,United States Of America,Football,Not Specified,156
Havenga Arno,Netherlands,Water Polo,Women,157
Hay Danny,New Zealand,Football,Men,158
Hem Thon Ponloeu,Cambodia,Artistic Swimming,Not Specified,159
Henkel Claas,Germany,Hockey,Men,160
Henning Andre,Canada,Hockey,Men,161
Hergeirsson Thorir,Norway,Handball,Women,162
Hernandez Fraile Jose Ignacio,Spain,Basketball,Not Specified,163
Hernandez Sergio,Argentina,Basketball,Men,164
Heynen Vital,Poland,Volleyball,Men,165
Hirose Norikazu,Japan,Football,Not Specified,166
Hoag Glenn,Canada,Volleyball,Men,167
Holanek Zoltan,Hungary,Handball,Not Specified,168
Hovasse Thomas Wayne,Japan,Basketball,Women,169
Hughes Daniel,United States Of America,Basketball,Not Specified,170
Hughley Jr Otis,Nigeria,Basketball,Women,171
Imura Masayo,Japan,Artistic Swimming,Not Specified,172
Iwabuchi Kensuke,Japan,Rugby Sevens,Men,173
Jacobsen Nikolaj,Denmark,Handball,Men,174
Jardine Andre,Brazil,Football,Men,175
Jauma Cayuela Esther,Netherlands,Artistic Swimming,Duet,176
Jennings Dee,Australia,Hockey,Not Specified,177
Jerome Essapa,Côte D'Ivoire,Football,Not Specified,178
Jia Xiuquan,People'S Republic Of China,Football,Women,179
Jimenez Nieto Cecilia,Spain,Artistic Swimming,Not Specified,180
Johnson Vickie,United States Of America,Basketball,Not Specified,181
Jones Chris,Canada,Baseball/Softball,Softball,182
Jones Nathan,Australia,Baseball/Softball,Softball,183
Kaiser Pierre,Belgium,Basketball,Not Specified,184
Kaneko Makoto,Japan,Baseball/Softball,Baseball,185
Kang Jae Won,Republic Of Korea,Handball,Women,186
Kanungo Bergin,Zambia,Football,Not Specified,187
Kawase Asaki,Japan,Football,Not Specified,188
Kazama Takafumi,Japan,Football,Not Specified,189
Keller Florian,Germany,Hockey,Women,190
Kerry Danny,Great Britain,Hockey,Men,191
Kim Chanbin,Republic Of Korea,Football,Not Specified,192
Kim Hagbum,Republic Of Korea,Football,Men,193
Kiraly Karch,United States Of America,Volleyball,Women,194
Kirkely Ulrik,Japan,Handball,Women,195
Kirkpatrick Andrew,Australia,Baseball/Softball,Softball,196
Kitabayashi Kenji,Japan,Handball,Not Specified,197
Klarenbeek Auke,Netherlands,Handball,Not Specified,198
Knezevic Nemanja,Kazakhstan,Water Polo,Men,199
Koffi Anthony,Côte D'Ivoire,Football,Not Specified,200
Konstantinov Aleksei,Roc,Volleyball,Not Specified,201
Kontic Svetlana,Serbia,Artistic Swimming,Not Specified,202
Krikorian Adam,United States Of America,Water Polo,Women,203
Krist Jansson Aron,Bahrain,Handball,Men,204
Krumbholz Olivier,France,Handball,Women,205
Kulesza Katarzyna,Canada,Artistic Swimming,Team,206
Kuntz Stefan,Germany,Football,Men,207
Kuzin Andrey,Roc,Rugby Sevens,Women,208
Kwiek Marcos,Dominican Republic,Volleyball,Women,209
Laidlaw Clark,New Zealand,Rugby Sevens,Men,210
Lamas Julio,Japan,Basketball,Men,211
Lang Ping,People'S Republic Of China,Volleyball,Women,212
Lavarini Stefano,Republic Of Korea,Volleyball,Women,213
Lazaro Corral Jesus,Spain,Basketball,Not Specified,214
Letelier Jose,Chile,Football,Women,215
Lock Adrian Mayner,Spain,Hockey,Women,216
Loftus Adriana,Mexico,Artistic Swimming,Duet,217
Lopes Barbosa Leonard,Kenya,Volleyball,Not Specified,218
Lopez Guillen Melvyn,Dominican Republic,Basketball,Not Specified,219
Lopez Monica Susana,Argentina,Artistic Swimming,Not Specified,220
Loucks Luke,Nigeria,Basketball,Not Specified,221
Lozano Jaime,Mexico,Football,Men,222
Macek Anze,Slovenia,Basketball,Not Specified,223
Mackintosh Euan Michael Gordon,People'S Republic Of China,Rugby Sevens,Women,224
Maeda Kenzo,Japan,Basketball,Not Specified,225
Mahlangu Sibusiso,South Africa,Football,Not Specified,226
Makiri Hare,Japan,Rugby Sevens,Women,227
Maljkovic Marina,Serbia,Basketball,Women,228
Manenti John,Australia,Rugby Sevens,Women,229
Manzanillo Andres,Venezuela,Volleyball,Not Specified,230
Marcz Tamas,Hungary,Water Polo,Men,231
Marijne Sjoerd,India,Hockey,Women,232
Marinelli Fernando,Chile,Football,Not Specified,233
Martin Lozano David,Spain,Water Polo,Men,234
Martin Paul,South Africa,Water Polo,Men,235
Masha Mario,South Africa,Football,Not Specified,236
Matsuno Yoshiyuki,Japan,Basketball,Not Specified,237
Matsuodani Yasushi,Japan,Football,Not Specified,238
Maybury Elena,United States Of America,Football,Not Specified,239
Mayonnade Emmanuel,Netherlands,Handball,Women,240
Mazzanti Davide,Italy,Volleyball,Women,241
Mccrorie Christy,South Africa,Hockey,Not Specified,242
Mcleod Shane,Belgium,Hockey,Men,243
Medina Bobby,Nigeria,Basketball,Not Specified,244
Mendez Marcelo Rodolfo,Argentina,Volleyball,Men,245
Mengual Civil Gemma,Spain,Artistic Swimming,Not Specified,246
Mentoor Delaine,South Africa,Water Polo,Women,247
Mercedes Del Rosario Jose,Dominican Republic,Basketball,Not Specified,248
Mestdagh Philip,Belgium,Basketball,Women,249
Mezhenina Valeriia,Ukraine,Artistic Swimming,Team,250
Meziane Rachid,France,Basketball,Not Specified,251
Mihailovic Predrag,Australia,Water Polo,Women,252
Mirejovsky Michal,Czech Republic,Basketball,Not Specified,253
Miret Garcia Daniel,Spain,Basketball,Not Specified,254
Miura Keiko,Japan,Hockey,Women,255
Miyakawa Miya,Japan,Artistic Swimming,Not Specified,256
Mladenova Albena,Austria,Artistic Swimming,Duet,257
Mohamed Mai,Egypt,Artistic Swimming,Not Specified,258
Mohamed Sayeda,Saudi Arabia,Football,Not Specified,259
Mohammed Silifat,Nigeria,Basketball,Not Specified,260
Mondelo Garcia Lucas,Spain,Basketball,Women,261
Montico Loredana,Australia,Artistic Swimming,Duet,262
Montico Loredana,Australia,Artistic Swimming,Team,263
Moriyasu Hajime,Japan,Football,Men,264
Motomiya Makihiro,Japan,Water Polo,Women,265
Mulati Adilijiang,People'S Republic Of China,Basketball,Not Specified,266
Munoz Noe De Jesus,Mexico,Baseball/Softball,Baseball,267
Mwape Bruce,Zambia,Football,Women,268
Nagae Shoji,Japan,Volleyball,Not Specified,269
Naidoo Taren,South Africa,Hockey,Women,270
Nakada Kumi,Japan,Volleyball,Women,271
Nakagaichi Yuichi,Japan,Volleyball,Men,272
Ncube Mthandazo,South Africa,Football,Not Specified,273
Neves Christophe,Côte D'Ivoire,Football,Not Specified,274
Nishida Takumi,Japan,Rugby Sevens,Not Specified,275
Notoane David,South Africa,Football,Men,276
Oca Gaia Miguel Angel,Spain,Water Polo,Women,277
Odaudu Ogoh,Nigeria,Basketball,Not Specified,278
Oloo Felix,Kenya,Rugby Sevens,Women,279
Omoto Yoji,Japan,Water Polo,Men,280
Pagan Cristobal Angel,Puerto Rico,Basketball,Not Specified,281
Palermi Giovanna,Italy,Baseball/Softball,Softball,282
Pantoja Hernan,Venezuela,Volleyball,Not Specified,283
Paradelo David,Canada,Water Polo,Women,284
Parrondo Roberto,Egypt,Handball,Men,285
Paul Henry,Canada,Rugby Sevens,Men,286
Pecci Isabella,San Marino,Artistic Swimming,Not Specified,287
Pedrero Ofelia,Mexico,Artistic Swimming,Duet,288
Pereira Paulo Jorge,Portugal,Handball,Men,289
Perez Jose,Venezuela,Basketball,Not Specified,290
Pibiri Rossella,Italy,Artistic Swimming,Not Specified,291
Piskareva Ekaterina,Roc,Artistic Swimming,Not Specified,292
Pizzolini Federico,Italy,Baseball/Softball,Softball,293
Popovich Gregg,United States Of America,Basketball,Men,294
Porobic Petar,People'S Republic Of China,Water Polo,Women,295
Potter Anthony,Australia,Hockey,Men,296
Powell Katrina,Australia,Hockey,Women,297
Powell Neil,South Africa,Rugby Sevens,Men,298
Prado Branas Joaquin,Spain,Basketball,Not Specified,299
Priestman Bev,Canada,Football,Women,300
Radoi Mirel,Romania,Football,Men,301
Reckinger Xavier,Germany,Hockey,Women,302
Reid Graham John,India,Hockey,Men,303
Requena Pericas Judit,Spain,Artistic Swimming,Duet,304
Requena Pericas Judit,Spain,Artistic Swimming,Team,305
Retegui Carlos Jose,Argentina,Hockey,Men,306
Retegui Carlos Jose,Argentina,Hockey,Women,307
Ribera Romans Jordi,Spain,Handball,Men,308
Riise Hege,Great Britain,Football,Women,309
Rillie John,Australia,Basketball,Not Specified,310
Ripoll Sylvain,France,Football,Men,311
Rodriguez Eduardo Rafael,Argentina,Volleyball,Not Specified,312
Roedl Henrik,Germany,Basketball,Men,313
Roques Anthony,Great Britain,Rugby Sevens,Men,314
Sacchetti Romeo,Italy,Basketball,Men,315
Salam Mohamed,Egypt,Football,Not Specified,316
Sammelvuo Tuomas,Roc,Volleyball,Men,317
Sarti Ronald,Venezuela,Volleyball,Men,318
Savic Dejan,Serbia,Water Polo,Men,319
Savic Maja,Montenegro,Handball,Women,320
Scariolo Sergio,Spain,Basketball,Men,321
Schilling April,Nigeria,Basketball,Not Specified,322
Sekulic Aleksander,Slovenia,Basketball,Men,323
Seo Chun Oh,Republic Of Korea,Rugby Sevens,Men,324
Sermanni Tom,New Zealand,Football,Women,325
Shahintab Mehran,Islamic Republic Of Iran,Basketball,Men,326
Shahnazi Shahbaz,Austria,Artistic Swimming,Not Specified,327
Shaw Graham,New Zealand,Hockey,Women,328
Shawky Gharib,Egypt,Football,Men,329
Siam Zaghloul,Egypt,Football,Not Specified,330
Sigurdsson Dagur,Japan,Handball,Men,331
Simiyu Innocent,Kenya,Rugby Sevens,Men,332
Singh Shivendra,India,Hockey,Men,333
Smith Darren,New Zealand,Hockey,Men,334
Smith Mark,Canada,Baseball/Softball,Softball,335
Solberg Glenn,Sweden,Handball,Men,336
Soyez Frederic,Spain,Hockey,Men,337
Speraw John,United States Of America,Volleyball,Men,338
Speroni Stefania,Great Britain,Artistic Swimming,Duet,339
Staley Dawn,United States Of America,Basketball,Women,340
Staniforth Dave,Australia,Hockey,Not Specified,341
Stas Jacques,Belgium,Basketball,Not Specified,342
Sundhage Pia Mariane,Brazil,Football,Women,343
Svetlichnaya Aliona,Belarus,Artistic Swimming,Duet,344
Szauder Gabor,Canada,Artistic Swimming,Duet,345
Szauder Gabor,Canada,Artistic Swimming,Team,346
Szauder Nora,Slovakia,Artistic Swimming,Not Specified,347
Tagle German,Chile,Football,Not Specified,348
Takakura Asako,Japan,Football,Women,349
Takita Risako,Japan,Artistic Swimming,Not Specified,350
Tarr Heather,United States Of America,Baseball/Softball,Softball,351
Tarres Campa Ana,Greece,Artistic Swimming,Duet,352
Tarres Campa Ana,Greece,Artistic Swimming,Team,353
Terzic Zoran,Serbia,Volleyball,Women,354
Thomaidis Lisa,Canada,Basketball,Women,355
Tillie Laurent,France,Volleyball,Men,356
Tomomatsu Yumiko,Italy,Artistic Swimming,Not Specified,357
Tucak Ivica,Croatia,Water Polo,Men,358
Turner Glenn,New Zealand,Hockey,Men,359
Udoka Ime,United States Of America,Basketball,Not Specified,360
Udovicic Dejan,United States Of America,Water Polo,Men,361
Utkin Volodymyr,Ukraine,Artistic Swimming,Not Specified,362
Utsugi Reika,Japan,Baseball/Softball,Softball,363
Van Ginkel Robin,South Africa,Hockey,Women,364
Van Gundy Jeff,United States Of America,Basketball,Not Specified,365
Vasquez Diego,Venezuela,Basketball,Not Specified,366
Vega Herrero Anna,Spain,Artistic Swimming,Not Specified,367
Villegas Orlando,Venezuela,Volleyball,Not Specified,368
Vitorino De Souza Marcelo,Kenya,Volleyball,Not Specified,369
Viver Arza Carlos Enrique,Spain,Handball,Women,370
Vlachos Theodoros,Greece,Water Polo,Men,371
Voronova Elena,Roc,Artistic Swimming,Duet,372
Wall Michael,United States Of America,Volleyball,Not Specified,373
Walsh Tim,Australia,Rugby Sevens,Men,374
Wang Jie,People'S Republic Of China,Artistic Swimming,Duet,375
Wang Jie,People'S Republic Of China,Artistic Swimming,Team,376
Wang Yang,People'S Republic Of China,Hockey,Women,377
Weinstein Jerry,United States Of America,Baseball/Softball,Baseball,378
Wiegman Sarina,Netherlands,Football,Women,379
Wirth Oscar,Chile,Football,Not Specified,380
Woelflin Roberto Osvaldo,Argentina,Volleyball,Not Specified,381
Woicki Pawel,Poland,Volleyball,Not Specified,382
Wright Jerold,United States Of America,Basketball,Not Specified,383
Xu Limin,People'S Republic Of China,Basketball,Women,384
Yamaji Noriko,Japan,Baseball/Softball,Softball,385
Yuan Lingxi,People'S Republic Of China,Volleyball,Not Specified,386
Yurkin Sergey,Roc,Volleyball,Not Specified,387
Zaitseva Olesia,Ukraine,Artistic Swimming,Duet,388
Zamora Pedreira Javier,Spain,Basketball,Not Specified,389
Zampieri Francesca,Liechtenstein,Artistic Swimming,Duet,390
Zhang Xiaohuan,People'S Republic Of China,Artistic Swimming,Not Specified,391
Zijp Simon,Netherlands,Hockey,Not Specified,392
Zondi Nkuliso,South Africa,Hockey,Women,393
