Rank,Team/NOC,Gold,Silver,Bronze,Total,Rank by Total,Team/Noc,Bronze_Percentage,Silver_Percentage,Gold_Percentage,Calculated_Total
1,United States of America,39,41,33,113,1,United States Of America,29.20353982300885,36.283185840707965,34.51327433628318,113
2,People's Republic of China,38,32,18,88,2,People'S Republic Of China,20.454545454545457,36.36363636363637,43.18181818181818,88
3,Japan,27,14,17,58,5,Japan,29.310344827586203,24.137931034482758,46.55172413793103,58
4,Great Britain,22,21,22,65,4,Great Britain,33.84615384615385,32.30769230769231,33.84615384615385,65
5,ROC,20,28,23,71,3,Roc,32.3943661971831,39.436619718309856,28.169014084507044,71
6,Australia,17,7,22,46,6,Australia,47.82608695652174,15.217391304347828,36.95652173913043,46
7,Netherlands,10,12,14,36,9,Netherlands,38.88888888888889,33.33333333333333,27.77777777777778,36
8,France,10,12,11,33,10,France,33.33333333333333,36.36363636363637,30.303030303030305,33
9,Germany,10,11,16,37,8,Germany,43.24324324324324,29.72972972972973,27.027027027027028,37
10,Italy,10,10,20,40,7,Italy,50.0,25.0,25.0,40
11,Canada,7,6,11,24,11,Canada,45.83333333333333,25.0,29.166666666666668,24
12,Brazil,7,6,8,21,12,Brazil,38.095238095238095,28.57142857142857,33.33333333333333,21
13,New Zealand,7,6,7,20,13,New Zealand,35.0,30.0,35.0,20
14,Cuba,7,3,5,15,18,Cuba,33.33333333333333,20.0,46.666666666666664,15
15,Hungary,6,7,7,20,13,Hungary,35.0,35.0,30.0,20
16,Republic of Korea,6,4,10,20,13,Republic Of Korea,50.0,20.0,30.0,20
17,Poland,4,5,5,14,19,Poland,35.714285714285715,35.714285714285715,28.57142857142857,14
18,Czech Republic,4,4,3,11,23,Czech Republic,27.27272727272727,36.36363636363637,36.36363636363637,11
19,Kenya,4,4,2,10,25,Kenya,20.0,40.0,40.0,10
20,Norway,4,2,2,8,29,Norway,25.0,25.0,50.0,8
21,Jamaica,4,1,4,9,26,Jamaica,44.44444444444444,11.11111111111111,44.44444444444444,9
22,Spain,3,8,6,17,17,Spain,35.294117647058826,47.05882352941176,17.647058823529413,17
23,Sweden,3,6,0,9,26,Sweden,0.0,66.66666666666666,33.33333333333333,9
24,Switzerland,3,4,6,13,20,Switzerland,46.15384615384615,30.76923076923077,23.076923076923077,13
25,Denmark,3,4,4,11,23,Denmark,36.36363636363637,36.36363636363637,27.27272727272727,11
26,Croatia,3,3,2,8,29,Croatia,25.0,37.5,37.5,8
27,Islamic Republic of Iran,3,2,2,7,33,Islamic Republic Of Iran,28.57142857142857,28.57142857142857,42.857142857142854,7
28,Serbia,3,1,5,9,26,Serbia,55.55555555555556,11.11111111111111,33.33333333333333,9
29,Belgium,3,1,3,7,33,Belgium,42.857142857142854,14.285714285714285,42.857142857142854,7
30,Bulgaria,3,1,2,6,39,Bulgaria,33.33333333333333,16.666666666666664,50.0,6
31,Slovenia,3,1,1,5,42,Slovenia,20.0,20.0,60.0,5
32,Uzbekistan,3,0,2,5,42,Uzbekistan,40.0,0.0,60.0,5
33,Georgia,2,5,1,8,29,Georgia,12.5,62.5,25.0,8
34,Chinese Taipei,2,4,6,12,22,Chinese Taipei,50.0,33.33333333333333,16.666666666666664,12
35,Turkey,2,2,9,13,20,Turkey,69.23076923076923,15.384615384615385,15.384615384615385,13
36,Greece,2,1,1,4,47,Greece,25.0,25.0,50.0,4
36,Uganda,2,1,1,4,47,Uganda,25.0,25.0,50.0,4
38,Ecuador,2,1,0,3,60,Ecuador,0.0,33.33333333333333,66.66666666666666,3
39,Ireland,2,0,2,4,47,Ireland,50.0,0.0,50.0,4
39,Israel,2,0,2,4,47,Israel,50.0,0.0,50.0,4
41,Qatar,2,0,1,3,60,Qatar,33.33333333333333,0.0,66.66666666666666,3
42,Bahamas,2,0,0,2,66,Bahamas,0.0,0.0,100.0,2
42,Kosovo,2,0,0,2,66,Kosovo,0.0,0.0,100.0,2
44,Ukraine,1,6,12,19,16,Ukraine,63.1578947368421,31.57894736842105,5.263157894736842,19
45,Belarus,1,3,3,7,33,Belarus,42.857142857142854,42.857142857142854,14.285714285714285,7
46,Romania,1,3,0,4,47,Romania,0.0,75.0,25.0,4
46,Venezuela,1,3,0,4,47,Venezuela,0.0,75.0,25.0,4
48,India,1,2,4,7,33,India,57.14285714285714,28.57142857142857,14.285714285714285,7
49,"Hong Kong, China",1,2,3,6,39,"Hong Kong, China",50.0,33.33333333333333,16.666666666666664,6
50,Philippines,1,2,1,4,47,Philippines,25.0,50.0,25.0,4
50,Slovakia,1,2,1,4,47,Slovakia,25.0,50.0,25.0,4
52,South Africa,1,2,0,3,60,South Africa,0.0,66.66666666666666,33.33333333333333,3
53,Austria,1,1,5,7,33,Austria,71.42857142857143,14.285714285714285,14.285714285714285,7
54,Egypt,1,1,4,6,39,Egypt,66.66666666666666,16.666666666666664,16.666666666666664,6
55,Indonesia,1,1,3,5,42,Indonesia,60.0,20.0,20.0,5
56,Ethiopia,1,1,2,4,47,Ethiopia,50.0,25.0,25.0,4
56,Portugal,1,1,2,4,47,Portugal,50.0,25.0,25.0,4
58,Tunisia,1,1,0,2,66,Tunisia,0.0,50.0,50.0,2
59,Estonia,1,0,1,2,66,Estonia,50.0,0.0,50.0,2
59,Fiji,1,0,1,2,66,Fiji,50.0,0.0,50.0,2
59,Latvia,1,0,1,2,66,Latvia,50.0,0.0,50.0,2
59,Thailand,1,0,1,2,66,Thailand,50.0,0.0,50.0,2
63,Bermuda,1,0,0,1,77,Bermuda,0.0,0.0,100.0,1
63,Morocco,1,0,0,1,77,Morocco,0.0,0.0,100.0,1
63,Puerto Rico,1,0,0,1,77,Puerto Rico,0.0,0.0,100.0,1
66,Colombia,0,4,1,5,42,Colombia,20.0,80.0,0.0,5
67,Azerbaijan,0,3,4,7,33,Azerbaijan,57.14285714285714,42.857142857142854,0.0,7
68,Dominican Republic,0,3,2,5,42,Dominican Republic,40.0,60.0,0.0,5
69,Armenia,0,2,2,4,47,Armenia,50.0,50.0,0.0,4
70,Kyrgyzstan,0,2,1,3,60,Kyrgyzstan,33.33333333333333,66.66666666666666,0.0,3
71,Mongolia,0,1,3,4,47,Mongolia,75.0,25.0,0.0,4
72,Argentina,0,1,2,3,60,Argentina,66.66666666666666,33.33333333333333,0.0,3
72,San Marino,0,1,2,3,60,San Marino,66.66666666666666,33.33333333333333,0.0,3
74,Jordan,0,1,1,2,66,Jordan,50.0,50.0,0.0,2
74,Malaysia,0,1,1,2,66,Malaysia,50.0,50.0,0.0,2
74,Nigeria,0,1,1,2,66,Nigeria,50.0,50.0,0.0,2
77,Bahrain,0,1,0,1,77,Bahrain,0.0,100.0,0.0,1
77,Saudi Arabia,0,1,0,1,77,Saudi Arabia,0.0,100.0,0.0,1
77,Lithuania,0,1,0,1,77,Lithuania,0.0,100.0,0.0,1
77,North Macedonia,0,1,0,1,77,North Macedonia,0.0,100.0,0.0,1
77,Namibia,0,1,0,1,77,Namibia,0.0,100.0,0.0,1
77,Turkmenistan,0,1,0,1,77,Turkmenistan,0.0,100.0,0.0,1
83,Kazakhstan,0,0,8,8,29,Kazakhstan,100.0,0.0,0.0,8
84,Mexico,0,0,4,4,47,Mexico,100.0,0.0,0.0,4
85,Finland,0,0,2,2,66,Finland,100.0,0.0,0.0,2
86,Botswana,0,0,1,1,77,Botswana,100.0,0.0,0.0,1
86,Burkina Faso,0,0,1,1,77,Burkina Faso,100.0,0.0,0.0,1
86,Côte d'Ivoire,0,0,1,1,77,Côte D'Ivoire,100.0,0.0,0.0,1
86,Ghana,0,0,1,1,77,Ghana,100.0,0.0,0.0,1
86,Grenada,0,0,1,1,77,Grenada,100.0,0.0,0.0,1
86,Kuwait,0,0,1,1,77,Kuwait,100.0,0.0,0.0,1
86,Republic of Moldova,0,0,1,1,77,Republic Of Moldova,100.0,0.0,0.0,1
86,Syrian Arab Republic,0,0,1,1,77,Syrian Arab Republic,100.0,0.0,0.0,1
